,RMSE,Pearson_corr
t+1,0.20078724900358444,0.9803057589949515
t+2,0.3619516530259802,0.923212424655193
t+3,0.541417226796649,0.8208884107691263
t+4,0.7489796473934882,0.6066866173541654
t+5,0.7944787157806393,0.611972148169169
t+6,0.867236392832918,0.5245728229878314
