Horizon,RMSE,Pearson_corr
t+2,0.6169260317910451,0.9114975429152816
t+3,0.5742318458358123,0.8205176346415823
t+4,0.6451834588249328,0.7521680106460363
t+5,0.7126965111525347,0.6822145070139681
t+6,0.7732183218031903,0.6085695825314213
